"ID","Age","Height","Weight","Brain_Volume"
1,29,172.449047659408,74.3141850468335,1503385.59936686
2,22,167.456049848439,73.1502613449456,1490879.97781513
3,44,177.364118679857,70.0820422071044,1492534.12789264
4,31,182.188091363362,76.4676124982786,1487749.51390713
5,22,166.124890917838,64.1612137371945,1501391.62456382
6,59,176.230695027485,72.4112906790141,1496891.68585485
7,32,182.029756511509,73.5119765330504,1488114.78012845
8,26,172.482322128435,69.6840444518971,1469762.45990961
9,37,157.230842239095,66.3658251585933,1489155.56271914
10,38,176.694610838536,68.9522236750453,1487235.90454158
11,37,186.140199325984,72.9461774862645,1503524.43719926
12,33,177.338794455923,65.9123688278746,1488813.95517659
13,49,168.732670305685,70.0896651314011,1494880.01740027
14,22,165.808302400265,77.0556901728969,1492892.22178558
15,18,170.103179048833,71.442308661004,1498572.12211329
16,40,178.250554753491,75.9885281798368,1496362.13748228
17,35,168.53887562228,70.0266717699723,1494799.7103712
18,59,181.158854415794,63.1272880571149,1509945.30757541
19,42,173.018603431899,65.2044737119327,1495103.13438933
20,45,185.00186998655,68.0129320641383,1493521.57354891
21,43,175.770631988092,72.1146860473803,1491078.8556094
22,27,164.104164762702,75.0369890187484,1489215.38598701
23,36,168.487570339354,65.6027260371105,1483166.11988996
24,44,188.2723342155,65.5192694625035,1491157.17997522
25,57,180.838635422623,72.7185057906833,1493522.63917327
26,40,174.243986200924,63.5264420148737,1484598.11776041
27,24,159.929591593756,70.8913215042117,1493916.84944701
28,33,162.761268109471,66.053763678581,1497374.69101324
29,43,169.009525103399,73.806175498215,1499420.1461724
30,36,138.730166134683,67.8253882735207,1478664.07620307
31,36,154.319693779729,67.2107159842974,1500739.63294332
32,43,168.54095315421,69.3254542291128,1484107.8514737
33,26,196.829949581129,69.9913414727964,1497988.80696624
34,35,157.599951028127,76.8718064605961,1488219.55406612
35,45,173.785922354631,76.5136054346297,1496433.7544538
36,39,163.942231333607,70.7280406070332,1505095.00976103
37,44,170.876581829952,74.2987368155095,1498481.5815829
38,50,158.9864654552,68.1468950410189,1489242.74044368
39,21,174.953878111864,67.7124199280096,1484664.32184367
40,49,154.741401756995,73.8546784813848,1506507.79861187
41,50,166.455401996953,71.3293047177293,1503760.96861517
42,30,152.0748559242,70.5831439646461,1501120.02917374
43,52,166.183312303537,74.1040706399497,1488843.1581868
44,28,169.363725674859,68.1716492571278,1482935.80497728
45,22,175.878404897929,68.523748760218,1496326.94083768
46,48,179.721095650471,70.4362271098044,1499044.66797334
47,13,174.444250944845,63.8917648142644,1496315.43356858
48,35,170.848173151037,68.0993978593996,1490133.60482595
49,40,159.58699339003,71.848832975612,1496887.55852814
50,28,165.455790793697,71.8353880785362,1500396.56541849
51,38,175.190883561049,67.896932718212,1474119.60203622
52,40,161.600345660879,71.1451496379616,1491278.93691953
53,34,166.651615164216,64.7862998979248,1482288.93853158
54,42,172.29646439915,67.6147360886016,1488781.25771456
55,26,184.791621497614,70.9706265421726,1490719.31530674
56,21,156.866614004143,64.0031682982135,1482995.41652634
57,23,167.698078369741,66.7929942528719,1501049.52454913
58,34,175.017666714039,77.202481671524,1489426.85553034
59,52,167.384161369576,68.3054815345316,1491695.7836493
60,39,183.418527534377,71.4762727247675,1489768.56339751
61,44,178.020314097472,60.7216677087176,1494799.2123799
62,17,167.286824904089,67.2024668275598,1484946.74562993
63,50,165.564683619969,66.702447933314,1479376.6121723
64,19,177.268331380432,67.9415305319635,1491292.02361101
65,24,167.229359403398,61.42054287622,1489770.70041345
66,28,159.58580689189,74.9062185644524,1492346.89929522
67,33,176.66859824673,70.2220519608013,1478934.32729423
68,46,167.071497024897,68.6797772083245,1490129.30998132
69,50,173.129672509276,72.734303550274,1486671.59523049
70,28,167.782054475569,71.1689649895019,1496051.2209269
71,17,159.375830245484,67.6756091831934,1482820.52190451
72,53,162.035892412791,64.4541186585995,1481734.13651622
73,26,172.432477977547,63.520862448101,1486268.77892803
74,36,168.144428558725,77.3780477437083,1505063.77687433
75,47,168.730567888354,62.9865464997214,1490846.5353867
76,32,174.3524521439,75.5737850395506,1500118.67354913
77,34,168.781063317385,73.2451637969449,1485013.97012411
78,41,185.641345382041,81.8285109415733,1496347.55168807
79,46,163.524354261415,72.0863376781806,1477500.20727488
80,26,181.411339483145,66.454878133459,1496223.43599735
81,38,155.694677623679,78.3498504624098,1493940.19520556
82,43,166.978122856209,63.806663289999,1496216.19438111
83,38,176.56859440139,72.9586077061679,1472907.22242892
84,48,151.51051634734,70.8756795231505,1491216.35130043
85,38,170.719702430232,65.2705045046495,1489288.11822622
86,30,164.530807295491,78.8215289128441,1489271.20910412
87,25,151.520309934304,66.2573149158155,1487448.22768184
88,43,166.904792663522,69.8739188118323,1496633.54286523
89,33,173.491733730198,76.6886261304658,1487524.38159891
90,10,177.591911312659,66.4219532239468,1506129.27820833
91,26,172.25839597798,74.2621558557863,1475146.80567573
92,32,175.91106677151,73.4212110289915,1494779.12099198
93,42,169.877883811637,78.5854712360037,1475681.29016543
94,38,165.697552705784,69.5973344189869,1480934.68331573
95,19,167.078559986349,75.4974887325189,1487136.62634283
96,42,163.018923293326,75.6416342898118,1489509.68162025
97,27,158.712608885528,77.1716730121031,1493586.53203125
98,41,162.373283455526,71.3133385392269,1474179.20789562
99,30,160.3836026041,73.6414368532225,1467603.95614885
100,32,168.642554397831,71.2696222571581,1502009.06462208
101,41,179.371741904387,73.1682850304767,1480002.23188078
102,22,156.400481140402,67.901151705983,1492299.98815138
103,24,167.569370691313,62.8249731446011,1497594.7279781
104,25,172.190639879395,62.4615044619737,1493079.01514547
105,37,167.399623256662,65.9463186041938,1482936.17398765
106,40,165.076466328771,73.1340172050567,1496478.91865455
107,31,167.051476349286,70.6963172277328,1492085.22150016
108,22,183.067596228231,72.3987144160927,1488839.96483315
109,23,162.496328642108,64.1055374477365,1487840.81126019
110,28,171.337253640963,64.6786071576468,1493522.91062258
111,20,155.537213706793,69.865483912956,1489942.61809895
112,16,167.030547468746,66.7457566896657,1489414.72245902
113,44,159.749342562614,75.0213163765727,1498380.24204008
114,27,185.581253132491,77.9163448008093,1486697.16086544
115,40,172.656715531178,66.0755045288333,1500573.90179253
116,49,182.152688193318,69.5035515760737,1492052.75826271
117,30,182.533666481247,68.4182495957243,1491598.09018842
118,42,178.31814414971,73.0302130366512,1485658.70852579
119,42,168.407124458427,71.221298684643,1488247.9415741
120,22,171.300503023833,64.0595342144725,1490626.64608141
121,25,169.193319630779,77.3968949739941,1484748.00957845
122,46,179.444926031125,65.7564404964442,1487827.79406013
123,28,161.766422170288,71.799177683811,1495979.13050109
124,53,179.101550250966,75.9076714516511,1482988.36404176
125,17,175.994347216129,80.3305907924979,1496250.8929446
126,32,161.386128783052,64.9692743989438,1491132.82852393
127,35,158.835853843781,70.7996593171302,1493468.0885021
128,30,162.268676114033,63.8051228902694,1501524.79111766
129,22,174.313949012998,70.6491991522358,1479693.77444339
130,46,186.677872688963,72.6127962298154,1497240.2084816
131,37,165.049287799464,84.8524056682267,1486303.30141107
132,26,161.398035153911,80.6268224504471,1486501.51958337
133,45,170.318597542458,73.6880550266344,1477140.85959719
134,25,180.858613254223,70.4010580268874,1500769.4961548
135,44,168.149310725789,81.1297870831555,1500131.58915571
136,37,185.041716577116,61.9099840973406,1487318.62161497
137,36,169.361074784811,68.269223809893,1490916.95091431
138,25,175.260334884307,64.3453323093927,1474234.7790873
139,27,173.205748320382,70.5816517439055,1496784.72079687
140,24,180.397276806512,69.8599144244699,1488359.51807027
141,33,184.265227699275,62.5581239736941,1489744.81437901
142,24,169.081345671435,74.9223895914109,1494442.27501193
143,46,174.683472385654,63.8698822309366,1487337.23165291
144,31,175.825705922752,67.7137546156112,1496647.27603239
145,43,177.337284031903,66.4593073597243,1498138.81190905
146,55,161.415943499332,65.2330509085762,1493869.06656597
147,50,175.401485584391,67.194662909855,1488294.91194149
148,61,174.906301803246,69.009400748938,1489507.3172705
149,46,161.524224304847,68.1330303343394,1492294.25602251
150,31,185.365510966968,70.4486663705544,1489084.34059194
151,55,175.218548152015,62.9204004734689,1491279.50729843
152,12,164.375583301053,63.4148019838677,1497515.52972715
153,46,154.1657975827,66.9485246792362,1492491.14950805
154,46,168.634458103199,76.4447543400113,1509094.69452577
155,20,162.758954229135,70.3176919261884,1489614.4786274
156,23,175.522614671941,75.3143697902381,1498516.1564446
157,24,185.320455384961,70.7837844586869,1493363.08040406
158,29,178.62893366572,69.0112243626511,1478260.89528092
159,36,167.188403373313,80.6316528248506,1482988.94566877
160,40,183.18319833062,77.8147228690836,1494324.87796859
161,46,169.324434558824,70.1090589713399,1489608.99221301
162,24,182.288291430628,66.8784908796358,1490959.44238199
163,38,175.044330829427,65.4506596290008,1491383.63371758
164,41,168.631378775356,69.5801281741267,1497160.4885967
165,42,169.036111270318,72.3247146017478,1490969.23184919
166,27,175.813494126302,68.6918417973244,1493057.23025091
167,34,183.015672108488,65.0455163135272,1494901.80115093
168,23,170.935642254179,72.6804054402107,1489242.35457203
169,42,176.540977699252,71.6138071720142,1480465.09598496
170,35,175.426551400037,75.5640933153925,1489072.16035099
171,27,181.761355093872,63.8039189305126,1493565.264794
172,45,178.846997010785,69.4108593447743,1498821.61999177
173,35,154.535278974733,67.9115925353053,1494973.90758795
174,31,168.970016227237,64.5182460143581,1483121.76334916
175,34,169.082613722475,64.7810438577864,1483682.17526164
176,41,195.959701514473,62.1871819333032,1482804.88183811
177,42,173.96402127201,68.6008330902086,1502887.11181152
178,28,166.385438259939,81.1351587683045,1493010.24382175
179,22,148.992153527575,71.0246887836714,1492160.74784549
180,42,170.050681392149,76.6618149452473,1487455.42132704
181,25,181.251098993693,73.6188326692519,1495105.57755098
182,35,174.323225603608,61.9344845335714,1486933.79411921
183,26,167.499997312632,68.8079252254254,1489706.16758835
184,30,153.858682686319,64.2711133958693,1484608.28227759
185,33,146.939738435713,64.3061980982546,1481114.89292032
186,23,179.54287884379,67.5189727434561,1498835.70215758
187,58,174.804432561377,69.1295458245657,1485623.13095384
188,27,168.69273509902,70.6842955017053,1489219.35094273
189,16,162.308396048094,62.5542417005943,1481201.71745711
190,36,167.64222268997,73.6430900592646,1492527.98930106
191,42,160.34570140558,72.9799847051522,1484278.90418749
192,16,167.203551391134,61.928394102122,1511554.32229097
193,38,169.97397711485,73.7880864034896,1487380.70843701
194,40,173.90053440362,68.5532497038888,1490818.63364486
195,37,164.885963580145,63.5154083303814,1490232.35377589
196,30,170.538901226821,67.6676741600595,1490233.20222842
197,36,154.254256722336,73.3752628193643,1496320.2310001
198,39,176.005677126205,67.4560025768144,1493481.4250585
199,35,169.604522377599,64.6837219811049,1490036.37359466
200,21,178.460514686146,69.139218529045,1487442.15603284
201,26,182.143446250775,60.1015981196237,1483464.81743454
202,44,166.175904933727,75.2328501668531,1499933.57894249
203,27,162.232331737696,73.1456038625478,1482445.25781729
204,41,162.195466637835,65.779441316468,1481828.35546902
205,36,166.42515559773,61.8366029387543,1490914.47235283
206,44,168.111499702709,69.6244776143551,1487060.31097472
207,47,174.176136472428,70.5887259572546,1488447.72519639
208,33,164.126865799094,58.0375722835737,1492506.76048481
209,50,162.869697967248,68.9576822905506,1497670.64782429
210,40,192.470615613991,64.3193674758587,1474777.50831296
211,26,174.406880577382,67.1866543747088,1488944.23840919
212,69,166.161256774169,66.0455310012166,1498288.05208847
213,27,160.119736663632,67.249734029902,1483048.64123507
214,26,171.446349362366,68.5434415105155,1489717.25100538
215,42,164.742773056539,64.9602009307163,1493404.06339633
216,32,177.852911213513,64.2359027063759,1485384.34735554
217,39,185.53401776196,63.027831356684,1493110.3911835
218,32,159.747529640853,64.7537412474711,1483916.61558239
219,43,157.397996577677,62.8776678159912,1495905.94403009
220,33,168.961286881707,69.7245978803091,1486010.91456292
221,32,179.745665665776,68.7567804545662,1484310.59209711
222,49,154.813761206797,69.5101225243256,1494263.5385609
223,44,178.438462588205,75.664653717246,1495204.35850866
224,36,174.73604587766,72.1489780127879,1489903.36380284
225,42,168.636755646448,76.0775431972449,1479069.79061584
226,37,177.457060526695,69.8755577855297,1492851.96195805
227,37,152.396913179798,76.4710957927355,1490135.79880046
228,28,164.060722602915,75.8215097698739,1499768.35527587
229,26,169.202530141172,73.0591008096273,1504351.22173964
230,48,178.944245788986,71.8935035486105,1488169.34132377
231,37,171.59721934718,72.0873713755131,1488148.8994332
232,22,178.435548884537,73.5947963023665,1483534.58340457
233,32,166.819205331333,69.5800209828399,1489319.06821324
234,61,165.822340392085,77.8387735403049,1492932.16840943
235,39,167.720153473807,66.8845350493109,1489149.93531705
236,45,166.680468960696,72.8478644016159,1492671.45058707
237,58,182.218794098736,64.9394556939463,1484157.77644466
238,24,170.879389647069,64.830545233721,1486531.11551947
239,46,156.266885911679,66.3478366976684,1483697.97633452
240,35,164.720695496962,70.9011704333904,1485031.7329072
241,48,180.479114945526,66.0935002393147,1488414.0863944
242,47,196.823372265216,68.5422584230204,1491355.83461235
243,37,163.103738700882,70.1416791049662,1486446.75152487
244,27,147.37885319106,67.0643637189772,1485672.41575707
245,32,162.820745277083,68.5865523776284,1497109.70583866
246,34,157.836544356373,68.0523280429386,1490997.77581902
247,37,194.494091698737,70.5990547331434,1493489.29764203
248,35,167.644411163013,73.4830237956385,1488668.82434342
249,51,172.426367869288,71.1425509900278,1486473.12963479
250,38,171.609396315801,67.209828700822,1479011.80160454
251,51,178.844017583713,67.7756879579666,1492144.18987224
252,25,149.347280050962,64.153667412179,1487773.91385735
253,34,171.166588278476,71.741366707804,1481581.7139136
254,38,168.129633533537,72.98365456269,1481127.97966016
255,21,169.247599646953,64.4028748187373,1487528.11208703
256,49,166.243406857963,70.934599023981,1492041.17300521
257,23,171.213363223448,65.7750687071385,1477461.45461953
258,40,180.3559240189,74.5695188800275,1498988.43948354
259,54,165.809381805227,79.1999061191075,1491680.08905639
260,41,170.362282520483,73.5635723967147,1493939.71564975
261,30,164.203680241779,66.6696389908547,1484794.41210893
262,41,175.603484190122,68.2196160776946,1500791.99345287
263,36,160.227774081597,76.1419514414812,1487581.52533101
264,53,169.43682104652,72.891737528458,1494136.34786036
265,23,179.452512471274,70.29502467874,1479222.63532443
266,46,171.440744126199,76.0363538910267,1483789.97377714
267,39,172.615430315208,77.3638395274283,1494364.98826502
268,37,159.404578881029,71.3655573152883,1498639.03169623
269,39,182.809443075826,65.0351799859704,1498978.20661143
270,27,167.571948948566,65.4652319413543,1490422.91520406
271,23,184.409376586957,75.4933386396001,1490387.14343515
272,25,196.393098631638,69.6111959938354,1483787.06214861
273,27,181.385985613364,73.147019612733,1487717.00590126
274,27,178.802698560643,64.2293130453545,1490302.56875034
275,26,163.816274778134,67.4198973971068,1503661.1784411
276,15,182.59518995331,65.9230003288475,1489323.07479652
277,29,160.481664811901,75.9723426953831,1476563.06310243
278,32,176.174850375491,75.3672173286709,1482118.40688247
279,32,182.494131744646,71.7304590837942,1503286.73570401
280,28,164.109182686416,62.1348179209697,1478496.74268654
281,38,165.62506453574,73.3640641716762,1491251.47582197
282,41,180.016404053941,72.4506459289863,1499579.35792165
283,33,167.631632415906,72.3569162120998,1485160.35799639
284,28,175.671613140375,77.4132975647796,1477829.89741908
285,36,154.251590879975,67.3870447299379,1495784.57077648
286,39,157.865493360667,72.7268083440345,1489941.78433216
287,41,160.575908089064,73.0779020081755,1491241.12771293
288,43,161.979088413776,65.7499876885875,1486548.54344748
289,35,182.328014965202,61.0153265520116,1485668.97539025
290,36,152.833750511977,70.9327987220183,1489485.8870119
291,42,186.14025421472,72.3954377899456,1492746.01306347
292,27,201.458517696703,66.4897172247481,1499332.82822512
293,42,182.304467518586,72.196424100794,1490450.26724761
294,37,163.937822828917,73.2113778078244,1494701.37111159
295,26,175.573722395893,71.9930084712493,1493365.73133783
296,29,170.953523409039,73.968653291994,1495921.56693472
297,35,168.276024443104,73.2879902536985,1493182.76426801
298,40,170.066590265258,67.4652546376586,1475570.91706184
299,28,161.201530267202,65.7311647123461,1485922.14353396
300,33,167.291611001714,70.9110046548557,1498384.00243502
301,44,173.539755548552,73.9455214704932,1495882.19256069
302,40,166.142049156548,75.8117476280603,1483149.7088468
303,39,160.687205592683,68.0994185733763,1481357.04853969
304,33,162.963168800261,78.5399170416858,1488044.57722301
305,32,187.451979505735,68.5651196560995,1496758.07673835
306,30,169.138553325879,69.0610865281695,1488929.6630947
307,20,194.281923219184,66.5494396483967,1477856.47516221
308,24,164.624341950743,73.3698752384004,1500309.16100893
309,47,160.901392617369,71.9040628762553,1483752.14753858
310,17,181.521780144725,70.475563995208,1481859.49587734
311,40,148.481279493707,81.34135241506,1489761.86278762
312,36,170.61636510143,69.5334042551746,1493533.12601021
313,42,178.707604852084,66.5341504233171,1492409.79009711
314,38,162.668914873007,69.4926879468998,1484164.8300885
315,40,161.984784362091,68.612949793494,1493271.78925133
316,41,154.669283684776,79.7095363635255,1484957.57899504
317,33,188.990631267907,62.0194080130836,1485996.86018392
318,30,177.657865764742,69.6979220698076,1489372.73523612
319,22,149.182340534179,70.5175005221977,1511525.85014015
320,48,190.148758158172,68.7997657155756,1478359.65593904
321,42,172.301640100467,65.827361240275,1497121.89165655
322,35,177.380371212429,70.6587321718004,1491803.22238805
323,25,178.538671742284,73.4266190256508,1492787.1574561
324,22,161.342174128661,62.7739917619562,1487924.79753013
325,38,178.024751325647,73.5286508029338,1491561.29914404
326,39,166.989118183494,68.2996921805498,1491575.86468948
327,29,180.306007597314,68.4648978257189,1479880.81201681
328,37,159.57450134144,70.0659606305963,1494992.37910814
329,33,162.532156835598,81.4975473981909,1488557.38666275
330,33,168.957885945895,77.1956531775665,1481591.18652799
331,54,168.49491509877,64.4128200980336,1470835.72987767
332,13,163.439321391552,74.1373003356481,1493783.25900965
333,27,176.734232232932,63.4365871115959,1488617.40689663
334,35,167.341158211046,67.7649132054842,1490500.4709157
335,24,166.046528056185,79.0809190314112,1504316.95188564
336,37,164.334146282047,61.1486820548117,1477607.41822146
337,24,159.905857386238,74.1690017029811,1495340.07622257
338,29,178.136976324526,73.503136392252,1488800.32299209
339,38,189.115862283567,61.5570973941825,1487236.13037929
340,34,165.292403574152,56.6004872057914,1499260.40928007
341,53,167.824990187198,68.0937214542623,1496417.47786533
342,44,157.648112296421,78.9112014211866,1487568.42373632
343,33,159.449391550322,67.0747933499248,1486531.59033085
344,44,170.152619569935,65.3275507324338,1486750.9940194
345,28,172.702474409447,73.7422650893284,1491929.04450303
346,40,159.833565182142,82.419970306935,1479710.90236147
347,34,171.314764002009,69.9473416421031,1493845.94208513
348,19,178.896843932348,62.5294204481282,1498289.75603644
349,37,173.26994071902,62.2501537998164,1484547.00541457
350,31,155.437895471819,70.379780084623,1500337.00712434
351,55,166.547158413893,74.9274593788116,1481296.44781695
352,32,162.475715663067,56.5642611421547,1484789.09873885
353,32,173.503999745013,65.715830139311,1495099.06011891
354,42,174.723561711305,72.1589580546069,1495897.30979569
355,41,169.981715639309,65.4456160309528,1488689.79082057
356,23,175.768850198067,69.8750743645245,1489784.26652664
357,27,172.697402831472,67.6163524266769,1492427.5193285
358,26,181.790953580408,74.3822222677029,1488584.64544533
359,31,164.956359306128,69.6126655208326,1498791.24248028
360,45,162.973375696567,71.9635567941885,1487656.93342811
361,30,173.968898071246,71.8898500716763,1490727.88133563
362,14,169.1692789586,66.6976635655708,1484612.23687888
363,45,173.900875227707,62.962819065779,1487744.29353542
364,47,155.638575091234,70.2120850255793,1487408.70041129
365,37,177.988032543136,72.8410527279454,1488839.67437352
366,58,163.926700575536,66.3112200291538,1496936.67870149
367,31,162.424410926829,74.4306700903916,1495119.79432329
368,29,168.743307882421,71.2528893473193,1480376.46541568
369,38,167.252902846102,64.6105690419565,1490504.40163222
370,38,181.621669900378,68.5843915969931,1504216.70076156
371,24,178.447780433664,73.4709783282608,1501884.11053423
372,36,193.482969613125,60.039695482078,1485639.58069289
373,11,162.517342049689,74.5541595556013,1484850.31287523
374,46,160.150856928111,78.6383911805263,1496294.60136134
375,28,139.07368286377,70.3532856354149,1500161.97358269
376,24,178.953132051132,68.836008393979,1486371.95600507
377,23,177.405435424293,59.9025016251497,1480208.70072873
378,31,163.439575287405,60.1639800699025,1498838.18166038
379,46,157.703851997309,65.0997747215619,1492735.07511331
380,25,177.533209284805,67.1079678218235,1494044.27675253
381,27,162.125741391043,70.2245321688236,1504797.2995233
382,41,159.425917417649,70.4734716862393,1493015.26320189
383,29,177.309695966457,75.1658011257484,1492810.50232467
384,46,158.940330037644,62.3660786496633,1499355.42378198
385,32,169.61343383694,74.9677920203072,1507331.65730317
386,40,178.906817090326,70.7996686746848,1498331.05843765
387,23,156.018810577933,75.7433186462127,1488010.24547313
388,31,163.199489773981,66.9051267637583,1486939.47190923
389,37,169.282875666389,68.7691009479774,1479641.10283239
390,13,183.18188555051,68.8870988824192,1494072.23605494
391,21,172.962212284695,76.0868005161574,1493784.507591
392,51,156.015062161709,62.5573594747341,1494149.81324637
393,16,162.704241569902,76.6794726627639,1491209.30294272
394,26,174.98472403043,62.6422703061815,1492641.55590463
395,30,171.699375151064,80.4709527584199,1485080.37452681
396,35,183.896998888292,63.1582237588924,1488762.49986744
397,42,188.590819468668,69.7756414340717,1499467.35095989
398,42,166.659009596924,77.6048112887756,1489943.94828793
399,31,179.429522724596,71.4391401552486,1475782.16938485
400,49,162.782019316388,83.0174995603863,1494676.58836052
401,29,163.018523685302,70.7070113904276,1480423.22331622
402,36,157.814708755722,68.3912745337595,1474366.14968821
403,27,166.74924875994,61.466990151117,1478597.14223029
404,46,176.333419976333,72.7281462355247,1491043.27417684
405,43,168.010324330931,69.260914666469,1491132.65746365
406,24,172.881655394028,70.0799300924575,1493444.82882661
407,31,182.292172954683,62.6973363189213,1491804.71956574
408,32,165.76031246466,73.4131245602229,1489116.93258693
409,39,172.33897416736,67.8513418365081,1494794.83086802
410,31,170.463671102325,71.0048886213244,1470464.94344449
411,32,169.698205837667,62.3674480894942,1497432.25970315
412,50,155.647965200971,79.0306220121816,1482643.01550289
413,25,169.349569575547,75.379639127231,1484843.07418503
414,37,151.456099096581,70.1974679991454,1491828.68929308
415,40,177.166045442201,69.1305691527256,1488806.28778433
416,40,156.838563265504,66.1628928790422,1476560.69417977
417,31,178.892271748605,67.9184553975859,1494407.40757629
418,29,167.870673236459,67.2695586375174,1490043.23109568
419,44,166.305696826342,83.221809070915,1486457.12801816
420,45,169.34645855781,73.0439444538775,1487027.12931019
421,37,166.424241850713,71.403654387308,1484948.92458435
422,57,181.794848672615,69.9978207647172,1471710.89912921
423,37,176.601007636052,61.8522648604776,1498817.01461696
424,31,156.011212292875,74.6507565720065,1486345.5311192
425,39,189.545405774815,70.0267979677817,1496460.1163298
426,38,177.602869261791,72.0507282392421,1508991.5655616
427,36,171.064690375057,69.9119922628842,1498315.58253182
428,50,159.948153800665,66.0486025336655,1477527.09572637
429,34,176.576136120749,71.2656391528612,1493530.39771874
430,44,145.90001838282,66.9076151245057,1491110.67083727
431,25,179.110191504328,79.1759747704185,1491888.34889466
432,37,194.760661537522,76.05181665556,1491748.15482917
433,56,184.147213816045,71.1756089872047,1487699.99050611
434,43,181.335737753582,77.7173256135607,1496217.66251202
435,40,160.671842244368,73.1256678897262,1495479.62746662
436,30,159.19847983153,68.2928767741675,1487439.28770099
437,40,183.832156182705,67.2372049084122,1484650.33952188
438,44,161.861045079092,77.8510692418424,1492453.01298249
439,40,158.76910185109,82.1168434034672,1488373.18350323
440,39,172.557266298555,65.4918065874136,1491294.88602487
441,33,173.696808437766,65.3763830728805,1491272.18013969
442,48,174.597990226174,69.4979492117684,1501232.46218394
443,34,162.25802338932,78.1626509884032,1486895.78529482
444,17,172.978380027533,76.4985662398474,1501339.33345007
445,39,168.934595439999,65.1153989661746,1487425.41506127
446,46,161.670861807893,72.8963319105289,1483607.72932739
447,37,183.456374566162,70.9800595337334,1492764.99552363
448,57,143.790366326871,72.7470984424332,1500229.78580117
449,43,162.055969807668,72.3992046646101,1491662.65870432
450,33,168.861340858687,65.7033658005522,1488563.05540367
451,31,168.090990290647,68.7476491989056,1501165.59840257
452,27,177.415927719162,71.535037232722,1491740.78732358
453,29,166.341905829549,70.9044779725929,1494088.72379172
454,52,161.726747248986,78.0039942946099,1484662.93296909
455,57,173.161694423403,69.5043932984592,1497160.09724706
456,28,178.084330724484,62.6097057236246,1497608.12668049
457,43,161.279675399498,62.2950857467744,1487856.32303689
458,33,176.89432693197,71.1755993120923,1477937.29664249
459,43,178.514602491842,72.7914906922048,1488045.24760129
460,23,191.823369759562,66.0921060263443,1496858.2763363
461,35,179.359527009665,67.6838470343891,1492306.76856837
462,53,170.739243298341,66.4344320216765,1503092.57717301
463,5,176.961217995436,63.8799411195396,1489079.70596276
464,41,172.10343391981,63.9973594366467,1487342.84847633
465,39,167.458802247041,70.6980179361569,1507362.27278544
466,31,195.123307360716,67.0074111501805,1483156.0355486
467,42,169.717123173945,70.6298631317852,1490025.19859692
468,39,173.475565345699,73.2878250642675,1495884.88735872
469,42,157.296678785507,67.2579959059929,1484746.47023178
470,29,174.583296279537,61.8723650545954,1484971.1674955
471,44,188.847378229493,70.5579087908323,1500124.20288204
472,56,179.000872779941,72.7503391993111,1480689.45734545
473,26,154.409278041251,74.447381083181,1499058.31565732
474,41,155.466544388404,72.2933611254766,1487957.25276007
475,29,161.828129934991,67.653276108386,1496176.01314135
476,17,168.781717913947,71.8971668197086,1485670.30681309
477,22,151.447442541565,64.1915061302159,1489784.45411005
478,40,170.106655615954,72.9227264229914,1488266.25411725
479,32,168.203926317738,65.9927914046427,1492834.03558907
480,33,172.013872335574,70.3864394266342,1499887.27429083
481,43,168.500979398755,65.5947405203555,1490145.82721539
482,37,180.879052671626,73.0339550847028,1487022.01787239
483,32,160.465709128561,70.6898237377947,1479132.32449251
484,48,163.072234424109,63.1472253098341,1505816.6742005
485,41,174.54210157467,63.7360537473173,1497406.95749012
486,40,174.781874489927,69.1022726953473,1488623.64773864
487,35,167.85106318578,73.1092953588045,1485086.14993482
488,18,196.444735050455,65.6895471942836,1490594.8879909
489,59,183.351775376225,82.6148150656703,1492495.09877945
490,29,170.742583983526,61.0398476071039,1488192.8389126
491,51,162.186674520964,69.5799809961351,1499575.64910443
492,49,178.411871975482,71.7760941259819,1485404.21364469
493,46,164.980316020275,73.6408742911022,1485723.00812547
494,43,178.165493241059,66.145534064874,1498359.54890885
495,30,161.451798009061,67.9285849868824,1479374.8146551
496,27,163.527498153417,78.3236985624859,1485866.35758113
497,41,176.611421864446,77.2838018981802,1484813.20518427
498,25,156.377672460516,71.3291546771635,1486357.71976576
499,30,181.596222425582,78.6577266094075,1478096.07720654
500,40,183.610864035935,67.7205650325744,1480785.01964471
501,34,163.070045366448,65.1155008607515,1496632.84802116
502,18,198.510023760491,72.3727226005161,1491308.6508467
503,54,180.107899877397,66.455454934373,1489235.07773772
504,43,178.875440352177,70.0154671401538,1487089.66483544
505,44,195.114019785067,70.0341543073197,1495531.73911883
506,29,168.86155742041,69.2615549425241,1495441.73428266
507,36,154.354082844631,79.3406098464073,1480656.5501141
508,27,156.661332696084,67.8619834863449,1489488.71340819
509,41,176.709576550388,64.2403769207497,1478510.86475858
510,37,179.224207924396,70.9880233525267,1493014.12049163
511,17,174.29139883816,66.2280360268743,1487132.93306957
512,33,190.889366251282,76.5431836594861,1480554.61022497
513,31,175.469910126182,70.7548054309767,1487244.06665514
514,47,166.896577893591,70.5605808721165,1494569.85236298
515,30,167.755866486892,67.1746357373226,1498830.27793183
516,24,162.248789909906,68.2747433316289,1488279.05009972
517,29,171.969221641112,73.6868204858792,1496392.73774349
518,37,158.673748874588,67.1758642672042,1499922.62213153
519,41,176.999573491472,63.9924698489143,1481553.2497986
520,31,168.174584241297,71.5536805667854,1498505.41784688
521,35,173.157849214654,71.2624750399702,1494901.82411263
522,21,163.523431286115,66.9176801046605,1497590.98025011
523,10,161.235414842691,62.9286514135215,1484459.74773267
524,36,164.589122268117,82.551553410576,1476540.59772981
525,32,178.245081102343,64.3310425197077,1485853.21599364
526,12,171.996741178476,70.6203022815314,1492446.95968988
527,30,172.031895439339,74.5210171500921,1478061.54577033
528,40,176.446741643744,72.5328788537889,1492957.98137954
529,36,159.480609125797,69.809071199315,1480637.51388629
530,31,163.147975791341,65.4434014505677,1487689.83876598
531,38,160.321417812115,64.7615910611371,1498738.25340656
532,20,151.063731294546,70.832855397277,1496325.52816877
533,10,175.963386368752,72.137755203708,1483971.24979021
534,15,155.301906276365,63.5853434123629,1481688.69458724
535,32,150.653443002738,62.6705135498821,1504735.58272907
536,20,168.596167944011,68.5105339577103,1491395.11428396
537,35,175.594935264544,66.5473718953095,1488904.19199139
538,50,161.582746165547,68.3228995715536,1494105.14671618
539,36,195.853312143847,72.5152620150921,1476612.90702201
540,34,165.384413836626,76.8221804738591,1481817.25542672
541,33,184.823250519848,70.1660786958732,1475578.88539789
542,36,193.731203481017,69.7322792917101,1486207.28656994
543,27,180.500151202736,64.2661916166322,1479805.22754297
544,31,186.214495415112,69.0697836160259,1485937.02054452
545,19,174.761875884563,77.4541078559138,1483657.12622247
546,37,173.923327918,77.551582193541,1492361.13683143
547,35,166.437577562283,65.3149509810889,1493068.85720047
548,37,170.393031635339,70.9727582867789,1490397.48296626
549,38,172.939453652035,62.8760965866449,1486388.60829246
550,33,165.942447323394,70.0213051134759,1493752.7856458
551,31,169.047753882886,66.0628865508502,1483763.42587714
552,43,165.656896514709,73.992723993002,1498788.08434942
553,21,180.333067501765,72.7646757359145,1483492.29485533
554,44,163.961946520663,65.8863598152607,1479310.8457869
555,36,166.962939274408,67.6556471586058,1493777.56186599
556,58,167.530030614187,77.8082177996404,1483783.51171277
557,46,173.406658649306,70.6643414992751,1497041.03413624
558,36,183.360250696494,66.888695210156,1479054.21680029
559,48,169.537950806901,67.1916571739384,1474762.15784524
560,34,169.706694063257,71.26406540517,1500528.19569236
561,27,156.906474118898,59.3484465468278,1485470.41167212
562,39,164.551821289924,67.9015345811067,1499953.72044314
563,36,175.66629984278,68.8982033150606,1486768.08589886
564,33,156.9511351923,70.4247974517896,1485369.4770664
565,48,168.477354254285,80.0989887671851,1495685.93891116
566,29,164.858279502875,72.3862977961835,1486808.83356282
567,21,179.596855587361,69.9879597391899,1491788.17226916
568,37,164.086016494521,75.6530298533902,1482743.03675277
569,33,177.096628414761,62.2932839583839,1501008.9541391
570,38,181.294506926592,62.5106060704553,1484667.91433172
571,29,176.671518939173,71.9358695763833,1491243.83436615
572,32,174.191899091059,61.2925191386456,1480551.7866377
573,36,184.318921032684,62.5701126592997,1486879.17634873
574,28,163.721225472166,74.7424935780303,1483266.33995059
575,23,165.175541326763,70.2201719814409,1489237.44238675
576,10,176.226211545116,75.208838797555,1490739.09715069
577,40,170.051255387591,72.4892959035815,1482746.20353982
578,41,184.749434115544,66.7357714278003,1494555.57833099
579,34,177.8326216778,71.7350252919193,1488442.92938897
580,47,180.803122686639,62.6754466987269,1483925.2614766
581,34,182.37693869043,71.9225192638551,1511416.72611905
582,29,163.866425794767,74.0356967623294,1473568.31123736
583,45,153.738015287629,68.8803998899418,1480359.51332224
584,28,175.797947350634,67.1001850386324,1499891.91666046
585,36,176.982966667532,64.137308987908,1487316.24441284
586,31,163.65079958221,67.1176458728418,1484131.51560906
587,29,166.224178316736,69.1381809187634,1513834.97846232
588,34,169.88948845094,86.2708166185766,1494517.54058313
589,44,168.435331253285,67.5247935271534,1509651.87982111
590,6,177.628905896697,74.5865914061053,1483858.23971143
591,46,188.645274850283,63.815425509257,1492005.95549958
592,47,168.887825035505,64.3393030146215,1489348.22855311
593,29,173.889746059318,69.2113787817681,1482886.92839039
594,40,164.776911148556,61.2435116126769,1502753.9689596
595,34,156.855966613917,79.8109462084249,1481723.40517585
596,26,188.170654390132,73.9472277367066,1486690.06582874
597,66,166.328557861275,66.4382459342393,1500136.05428988
598,40,160.427362279604,64.6574949253744,1487812.18046308
599,44,179.218549706833,71.9221110254631,1498063.99486613
600,37,150.069446364958,66.3944004364283,1491960.02541185
601,31,175.708394517576,71.925513889822,1495254.10660827
602,16,163.790276338658,66.1893872682548,1498335.64413167
603,36,169.148106937495,74.4917305916705,1493456.87766914
604,41,159.059749912931,71.9718447476355,1492737.94685842
605,22,152.830872642961,67.501349386339,1493673.63459377
606,33,167.390169098015,69.6223164447506,1494866.9668076
607,34,178.67511671619,71.8913115702693,1497733.00511944
608,30,185.87478933479,65.690424828524,1485664.852815
609,27,175.00130912443,69.3470876240066,1506443.37749044
610,37,190.053803037401,71.6433090157975,1495726.665029
611,24,168.25095168477,72.6907121434382,1476300.70704133
612,28,184.717799919277,56.9831468809252,1490234.68661313
613,56,164.230205149269,69.4508505707797,1488574.03229052
614,39,179.639665266508,61.1290899672109,1492433.96565537
615,25,164.965618177708,72.1406878092624,1494333.16831484
616,44,157.613556107767,72.6697563422459,1494212.25791649
617,53,168.613283109407,70.2268920636588,1488850.27661756
618,52,163.351307997111,68.197939889161,1489398.6071246
619,39,169.354910794474,66.2826575994179,1483140.15961408
620,41,170.422212017348,69.4736759049574,1499791.85146612
621,20,165.52396409089,75.8275782567626,1500047.06791909
622,32,164.518757759165,70.1187429215339,1487000.95428577
623,33,170.976679292142,78.4619392803449,1496712.31798199
624,13,165.050856131444,68.0232468691556,1499859.98492761
625,43,165.319795532387,71.6749301778307,1485485.0755492
626,36,169.001516680674,73.99761426012,1490449.41056581
627,38,173.012049563935,63.3883837556148,1497193.11587634
628,32,167.928138986628,68.5837337742084,1494050.69128888
629,50,173.458417732452,67.0814401823179,1493523.58855851
630,41,156.441827983785,65.5407762372442,1493704.43333586
631,20,178.234486887679,67.7838316343113,1500724.00663352
632,54,156.442335067611,70.8699968570955,1486402.45418644
633,51,164.546705650121,65.9572558862693,1493078.31010756
634,40,165.791285860784,75.2875342269035,1487945.58775677
635,41,174.174358900699,71.2376318444375,1487043.85435262
636,22,175.924541299845,68.5381488927971,1492424.42514932
637,40,175.146539094035,65.6945534390039,1483057.22740258
638,44,152.506916481595,73.8841691751252,1493759.26900328
639,39,156.207505408733,55.8942754221774,1499360.82896441
640,36,171.159143412915,64.6440993137707,1489726.34455542
641,47,181.133252981324,68.914146527071,1484268.09408189
642,30,148.641374100998,71.884869066744,1484111.07264708
643,29,168.744801604908,78.3997715898082,1481680.70441885
644,25,160.520669281244,74.5909972763763,1489958.02535438
645,35,195.570978329511,80.4250032566269,1495013.9203055
646,35,166.006008667684,73.7718343232295,1490930.45213085
647,34,170.08436651986,70.314226441372,1474691.66203617
648,33,154.608872106576,69.6122917114608,1476701.86981854
649,46,154.211839440729,69.2395534171939,1489232.80425817
650,51,158.187333370509,69.1200881322441,1493366.96125813
651,33,181.038720499122,65.9581905789184,1478429.14451314
652,28,166.866340053008,65.7009891406118,1489428.1278172
653,41,169.934675860212,65.9007094070426,1476403.80891544
654,47,176.778832236052,72.6896478024208,1493136.48676957
655,38,185.183020122613,72.0145899684028,1482465.1123414
656,27,174.564289999049,63.6701197247806,1491864.72179857
657,41,174.030806490543,72.3571960394636,1500259.3353395
658,43,174.741974847198,66.541942032033,1494595.44611266
659,35,176.911554196552,63.6445910783244,1478605.87095176
660,33,169.773112080378,74.4332440199857,1482768.08593259
661,35,175.898910062953,71.1045510979865,1492825.47678436
662,40,172.51789664458,78.468258355953,1491356.81227681
663,44,181.983900950717,70.0784614393529,1497735.49774732
664,30,149.757263932536,79.4673072083917,1490549.3770573
665,22,172.994864477233,70.529176777921,1492989.22675183
666,31,161.674251142572,65.2513335452307,1487923.19367632
667,41,176.771552821678,74.340904845799,1496116.26960214
668,26,182.556028674024,62.5015353407763,1488468.43975154
669,28,156.064952465333,70.672968618281,1498162.78871498
670,34,185.254175664784,72.1143400939195,1494234.82706296
671,25,166.332973158991,77.909329051532,1490794.95731841
672,32,187.367479709969,73.6868445730714,1493767.3919032
673,36,181.686108227473,68.4912433066009,1489478.11015213
674,25,170.250826575983,74.2657929325154,1495579.11985454
675,55,180.178272792622,76.5616018344874,1488123.43872569
676,38,151.81214005018,69.4599021412208,1483872.78289622
677,15,163.875002728632,71.4230861395441,1499660.92874925
678,26,171.439154805105,72.9869697269893,1487477.92891565
679,18,175.205566333837,66.2539936509713,1497883.67365758
680,40,176.784975276859,63.4146556573703,1487344.8368424
681,47,169.848001363414,68.2613814369183,1493557.14717222
682,46,167.313711869347,71.9278642958427,1493619.17535089
683,19,170.086033374171,77.499327002341,1495643.36584023
684,2,154.533198093532,68.6723313689142,1482315.6733925
685,42,190.532267964897,59.4859840429601,1495619.45247032
686,28,161.706068304125,66.9989718199427,1489219.31786632
687,23,157.785508422912,73.6606490991911,1497784.26924918
688,26,161.898885872403,66.8161750169408,1480083.90917051
689,41,157.62696948996,69.1518618940216,1491429.02969227
690,25,181.191872784111,66.7786326608553,1487106.18531811
691,62,167.685704858956,69.7970101052172,1494160.41512339
692,41,176.387178583793,73.8909785599024,1496364.22193501
693,32,180.037302155861,63.1458503985365,1484214.05584321
694,29,162.824875396789,77.4545223893663,1493105.0224892
695,23,151.784807471074,70.1586545899002,1485194.0568946
696,42,192.318464630175,67.4035304993983,1494249.24880234
697,29,157.76191500731,63.474323778131,1466110.96959842
698,37,162.477665168356,70.734287110475,1504563.30208927
699,53,184.428103935426,68.8158650609469,1492837.93578676
700,39,177.659143731355,71.4792301805583,1496321.33111586
701,40,161.069604272301,68.378618067971,1491209.57890622
702,40,160.653631444587,62.9539757906676,1500808.32131142
703,36,186.177842529192,64.061534560562,1489523.72189318
704,33,175.516782477843,71.2929520686354,1490767.15262231
705,49,178.389992507853,74.6132007728934,1496593.01962709
706,41,153.12377926698,71.5552119296039,1485297.56671834
707,19,180.296720330844,78.6985754132337,1501205.35825942
708,32,174.17257484872,65.5127255382014,1492955.02903828
709,24,176.951154927201,64.8016452378658,1499037.28815461
710,29,174.422257400375,76.0483785961088,1491125.89209765
711,41,146.90690332283,68.0393123891744,1492579.93575114
712,27,158.334049562796,70.5874333081594,1497871.50978369
713,29,161.159659709493,69.9910405381807,1481078.77833823
714,47,178.969899508243,67.9812264726432,1491953.18975152
715,31,178.750935921663,72.4326326772635,1486063.21695885
716,34,158.133435614987,64.3807981249738,1501317.7422098
717,27,168.255005173639,65.7141922045092,1495203.72067924
718,26,182.266077700903,67.2478418227048,1497524.66127284
719,36,159.716540028805,68.3203321816461,1490870.45094047
720,30,196.193351507214,65.2205023823014,1487936.26827579
721,35,164.413400162545,74.9143138737303,1483469.06572775
722,28,177.883155665386,54.1998790430108,1492702.59077691
723,43,155.459672160418,63.4996067676947,1488235.36217133
724,59,164.935436072877,73.1367731639104,1489312.15086627
725,43,163.424500680063,71.5957621240997,1496694.5275264
726,40,164.578183563813,67.0378962245117,1475939.99353449
727,40,154.75965513862,70.5184136191041,1492990.28922904
728,30,172.339560472375,66.9480760661424,1490612.7024461
729,38,174.718294412693,75.0707524508801,1504216.57416786
730,58,163.094691580696,70.2817887432274,1493064.47834673
731,19,169.77184991575,74.2731908672166,1486230.61337294
732,46,182.375459079126,64.9527518652991,1482658.30409593
733,36,177.362116565054,82.739070593197,1482115.86754539
734,37,189.33921940556,69.8314792947724,1485436.1599414
735,30,187.981017681634,67.6913502888313,1484368.3599777
736,24,164.581801996591,66.5437468690352,1492436.46066957
737,38,168.795810150431,82.3762779132688,1493905.39542598
738,39,156.147212104197,62.2463682555823,1494419.40781133
739,45,185.638194429773,78.2624728505431,1480471.20159588
740,37,189.048972692423,77.6838400162085,1485880.11689068
741,40,169.961167505215,67.4072594369734,1481941.55361818
742,36,155.70365916333,63.000452135021,1480983.33030347
743,43,148.832475659744,67.5340086376275,1484871.43645088
744,47,171.088957190068,65.0425716744966,1492745.20351554
745,34,188.007217286964,70.3241865930065,1499359.41018238
746,38,181.668052348552,75.530061754541,1492674.50092255
747,45,164.011877548549,62.8580631857856,1489581.98311302
748,30,160.630794522444,81.2229266056304,1496984.28780953
749,28,168.677840498578,64.0459192655484,1498399.64557198
750,39,175.843829624881,73.3623201821873,1484338.44002759
751,36,185.612216011696,60.4725240217979,1495467.88380422
752,17,166.02383191053,66.9907539197098,1497697.39443771
753,44,177.835801224366,60.2339365618045,1487694.11369109
754,24,158.924878979097,70.4735001637077,1499971.15878256
755,35,167.265883779997,74.3455309074505,1490709.01146582
756,27,186.745552523538,68.3159608478477,1488955.66165884
757,31,174.264397297617,70.1043262683962,1486644.87930925
758,48,177.856451636364,77.8007734402866,1492819.12573917
759,41,145.904099041026,74.203293454804,1490829.37832964
760,18,179.869068798325,72.2909578431367,1491784.87675087
761,33,168.829595246232,69.8264274730086,1494804.89560638
762,38,180.939961043603,73.1228013199615,1483626.66615651
763,49,154.268598107207,69.6400655520272,1492595.39053489
764,38,175.810092460807,69.6434600922398,1488509.01785335
765,28,148.357516436379,66.2749788597653,1490690.08393132
766,32,185.348146817654,68.7336612271265,1490868.66905833
767,40,155.237826304042,64.2179908033996,1490012.16721964
768,40,179.053271246416,77.6584402573484,1485432.64653383
769,41,174.752599289233,66.6387650247225,1491831.53515941
770,30,149.971563248682,70.3359553186734,1489880.32122413
771,36,178.543651730398,62.0171972950813,1496320.84800807
772,52,166.851394309132,66.8132989883714,1482424.09552851
773,40,179.022321983002,69.8209297769682,1510346.71477364
774,40,160.741829477291,71.9361945224765,1491168.77929692
775,38,184.211485490874,71.0325512610425,1488440.10087956
776,57,173.630556402008,74.8379170330676,1487674.20554271
777,36,179.750635441845,65.6069208860657,1494903.64822106
778,41,161.538101669397,71.0250338262007,1482340.46149686
779,51,184.96241605921,80.2190637730565,1476973.70552083
780,47,159.229664273431,76.6828253118226,1496301.80140578
781,42,175.803736662214,69.666960122738,1495957.99729569
782,16,148.490564455008,54.7062328793579,1501571.67301134
783,45,171.215824661935,70.6736603885892,1479838.83543666
784,26,173.206578364766,73.4400880998224,1475590.63720642
785,22,174.553451204199,64.6403219421957,1500620.05570293
786,32,169.751477635742,66.6748470820036,1481697.40691095
787,36,157.689750600095,78.8477498431094,1490429.44867302
788,22,164.103837414025,65.3189917501462,1474406.84669641
789,44,167.458245089897,74.238475623501,1487516.69052482
790,26,182.134562267663,71.9398074615452,1494991.83610086
791,33,158.671571754341,69.7465127784566,1480471.82363746
792,36,159.47543479798,74.9584261079295,1484254.89523173
793,35,179.109566357941,77.003237757819,1494467.02430694
794,33,169.546593321113,70.2260002339378,1492931.02826987
795,38,168.319996284802,73.2449184537497,1493052.4072863
796,31,173.195316651966,71.9448456779445,1485122.43710254
797,21,165.388598845988,75.545036600885,1484774.94733216
798,41,155.805117938632,75.6091488801663,1503706.56001306
799,38,174.050366933088,60.5446653947192,1490475.44799515
800,36,171.420200513503,68.1007522008048,1489839.08680308
801,46,171.265396484268,64.2308773301123,1501206.63617633
802,41,178.862126077694,66.9129501943777,1498355.03291291
803,45,182.228872846383,73.1572546008603,1494951.35085205
804,38,169.922094231535,70.5411472099021,1485784.59056968
805,20,171.571554921331,71.5707220901647,1503216.97950434
806,33,179.866116530428,67.3465265676885,1495185.28087979
807,41,176.235729296043,72.5248688737195,1484626.16102471
808,48,158.883989081514,67.1452781702786,1482648.40393533
809,45,177.561267699439,67.4819056111879,1495331.47070631
810,34,165.250237300822,70.5158359928931,1481660.43340494
811,22,177.343480921636,62.3727763569269,1495062.00045274
812,27,169.42522310255,69.0071207550837,1491983.99563274
813,37,183.801235740346,66.4472525096553,1492547.02287723
814,51,175.923143311369,72.0711294254673,1488509.97874291
815,33,178.13451191516,62.523376507982,1477182.53126576
816,27,175.861277587942,57.1741503965426,1491123.09309645
817,43,150.475995215138,78.066345337876,1488111.71599801
818,32,179.537175850748,61.6004978131997,1487958.66369635
819,25,171.270204611298,77.6370319071281,1496183.66014649
820,29,184.185551464407,78.7622545526246,1486215.5428682
821,48,160.843669563146,70.4321135998055,1483538.28457534
822,32,161.365528065772,68.7951315911736,1477065.97990558
823,28,175.098999285425,68.1094196213734,1493149.60570809
824,40,159.98143261562,69.7782640797182,1490695.73330514
825,47,185.170852971081,66.1338188676635,1486410.18487505
826,33,166.772198331932,66.4479325982406,1485006.62702746
827,38,175.332028855247,65.8756310728118,1495208.94013458
828,44,166.198604544262,80.1081168334425,1486562.2139055
829,32,164.652185293663,64.0474224237344,1491244.88415358
830,30,166.941262626471,72.9368276010267,1486522.44258724
831,18,155.077266305115,67.0846691317496,1503165.545204
832,36,187.458086933244,62.8105653593172,1502840.42575516
833,43,165.655082325757,70.3007662773121,1484195.03928603
834,27,168.401866225118,75.9537543088861,1494054.48690025
835,30,175.248994008318,64.2940254750271,1481736.46157724
836,35,155.286673285575,77.5228757925346,1494401.68888885
837,40,167.42903170915,67.9650311226587,1484325.55173938
838,20,181.531707379388,76.6542403376816,1482519.18742713
839,34,173.70602774461,69.9265145316277,1486835.1351468
840,42,162.346355185016,72.1503840830131,1496605.66890483
841,47,164.084109760305,64.718363870516,1486944.87571474
842,49,171.538662863698,67.2058803435907,1488113.43351278
843,25,171.343342620681,70.9910883261021,1480471.7230138
844,44,172.54749111164,71.8582901956863,1503057.85246611
845,35,146.868750326975,73.9187542116339,1491216.06486565
846,38,174.227625895392,63.9332146462286,1485968.21456685
847,39,172.374453668842,64.6083695258462,1488689.33100687
848,41,177.834797772151,68.4241860538877,1497362.26297772
849,33,182.793317422194,70.9537898703036,1501880.09093991
850,61,157.848510017412,73.4381265092434,1485304.61992684
851,37,169.236336518397,71.1368081908158,1497082.74101829
852,30,157.440144994509,72.3874716363749,1491373.60774956
853,30,168.241955001848,67.1984210367728,1493660.36074207
854,43,167.807657351075,66.2136563229655,1503368.47442199
855,44,165.143784956844,65.0344261012561,1493287.05862655
856,36,161.390833053131,65.7431348945296,1485483.13866081
857,40,169.235675959958,62.3925452265125,1484440.37952367
858,43,183.603795958979,67.4356945933112,1502663.33644559
859,46,148.490177238632,74.0950986361117,1480428.16872028
860,53,179.796469808289,70.525716309118,1490219.28695689
861,35,152.583258624724,69.5138619417519,1489872.99453364
862,26,180.012865202015,67.7219713751322,1486154.53972398
863,26,177.13269461529,73.4731660172066,1490780.74536618
864,27,171.143672428785,76.463074244548,1486748.62811437
865,39,159.34414225672,72.1890036600285,1490790.95640924
866,48,153.117492933167,68.3373158819696,1490395.02239905
867,32,165.667867872879,68.8004022217937,1493348.05752267
868,52,171.483028927104,73.9848228628901,1496228.83359615
869,28,177.283496843281,69.4647544808632,1491552.98897215
870,43,177.753327981784,66.3470897647309,1499721.21334354
871,26,160.512523293568,64.8447100398926,1482439.89024838
872,29,166.412677564349,67.4133232500643,1478337.89697902
873,30,156.74972336566,75.5783728762627,1492649.93816902
874,31,157.114820924398,71.2273493647474,1483074.23170128
875,31,164.790731041568,69.5222898144643,1494887.6747145
876,46,185.448265196717,58.4112023279739,1489299.31831812
877,46,174.378928231509,65.8894955705132,1477898.0207368
878,43,161.79743605742,74.5102471274545,1495681.24243589
879,45,191.786022113367,76.0762685782967,1485924.91448963
880,34,158.600410155596,69.9453158076699,1480379.12859083
881,42,186.110267158894,79.8355012874458,1502419.7180004
882,32,172.097603897003,73.1679042675348,1485772.25949874
883,24,169.454293037663,67.2354163468796,1494481.98250315
884,47,186.150011717349,64.6542059670032,1493250.78537161
885,19,160.081643515862,75.8157170376042,1492582.79901633
886,41,179.115732654814,69.8435739754507,1485562.72253437
887,25,190.326642111857,67.7063596597265,1478371.27227808
888,18,197.754113367341,74.5582274737732,1491004.75129886
889,37,168.554164634378,67.2539768790882,1497849.12764113
890,45,172.192772048768,73.6150935367746,1483002.37210314
891,47,169.934281139088,59.5517862594048,1489867.74233605
892,38,174.46047030922,75.8409812483712,1500448.34592631
893,37,182.200063158877,64.7759518565148,1492224.67941553
894,37,160.021131588452,53.4194286698084,1502985.67809972
895,31,152.023948686718,64.5359632799315,1482406.98902114
896,41,165.822521050993,74.1024697768755,1490579.61484485
897,37,172.314101100177,61.3630643336303,1499477.47769625
898,16,162.346833609243,65.6142238972023,1485831.6966998
899,47,177.315930627056,66.4576515309468,1480850.44455146
900,26,160.193584706544,64.5228887037437,1494228.35271641
901,45,165.304040079058,70.8266488308965,1497545.03682281
902,36,164.402309241916,75.2714079377437,1487939.68886492
903,45,178.703897728708,67.4313590206802,1488647.42545201
904,39,179.192942011337,71.9985100189672,1489981.25832501
905,28,167.706037686511,62.8927925520999,1496270.77588529
906,24,171.448461515775,86.8439848672391,1483608.59064257
907,21,179.335604922145,76.7780839212031,1483324.97270524
908,36,162.246211194232,72.0159765972163,1497895.60474235
909,24,192.474749070999,70.1772389897279,1490840.61909663
910,48,162.917560325194,74.3628634529248,1486866.88717375
911,34,175.4751005527,75.7882241532556,1484955.94667469
912,25,180.607852084457,66.8869578215894,1497469.52188038
913,57,169.625400206271,71.663041460813,1475557.33439867
914,26,165.441256241169,65.5066960079015,1485193.45074074
915,25,166.666300206344,70.2709674340255,1491960.21904549
916,25,173.681889197974,72.9093541794027,1494598.09199593
917,48,167.302942707781,71.893191541693,1491192.32635509
918,25,164.891507994002,65.6981548488447,1497492.14126381
919,42,199.222095089948,64.2901443907309,1481085.82848312
920,41,189.925143289476,71.9133321997114,1491899.35519426
921,22,173.456215797849,64.4826279754165,1487994.72606501
922,62,171.187122584783,74.2268511151191,1481489.92819426
923,28,167.708378069765,75.4040066662772,1491746.06924784
924,35,153.980367756657,65.8951617130869,1489916.27686957
925,29,181.221088921892,71.6933524001024,1473686.31572123
926,18,156.536522108973,70.5413827058402,1486859.19922691
927,35,171.319799898242,79.6656596440214,1493386.42635845
928,33,190.758855483325,74.5607094064527,1501792.06181472
929,22,167.045069933038,64.2986028255487,1485887.31155198
930,21,172.363646616565,76.0950915799509,1485601.35995278
931,28,183.735490170137,58.8763549621865,1472734.36890187
932,34,179.894010793329,66.0227481501242,1486519.39351201
933,48,164.853936178305,63.3801710646855,1483950.42526488
934,37,177.326252117191,69.1045596128291,1488027.86919302
935,51,174.925979407066,73.4842055939817,1487430.92337957
936,25,172.865024967443,74.6593625753749,1488298.34959708
937,37,176.578390246088,59.3230435498261,1494093.5013746
938,31,163.279535719599,75.0249306734869,1496494.59013214
939,42,170.231842628663,73.0343905775326,1481770.96272602
940,22,168.775917042076,69.963156281215,1502391.87506207
941,39,162.525417889956,65.6398512918003,1470636.53439439
942,25,174.770777292596,69.379649599071,1485407.88481093
943,29,168.087198882141,73.5740266375282,1475000.92438512
944,27,177.85511096232,71.2290748777554,1500116.00042118
945,34,170.888420821244,74.7732526564223,1489052.97074557
946,47,169.726278571476,69.5650999351791,1475609.26784116
947,48,167.905682277428,77.392036940602,1485476.69549809
948,49,155.614035983176,72.424650306654,1493829.45456916
949,41,185.020841761947,64.465887331821,1497283.78820897
950,45,173.290343436237,72.7176589399421,1481311.99703378
951,32,158.176789780068,73.5840900323413,1495861.18205737
952,27,159.351568949787,73.7809756084731,1492932.75606749
953,22,150.837231202889,73.2473145779446,1493065.86545872
954,33,171.75071857088,68.0299570332183,1486567.86817611
955,30,161.207252632655,79.5767603930509,1493588.09476142
956,29,174.065475141081,71.9567436957388,1481067.62765027
957,37,169.747625285979,71.4561154067023,1487892.43532973
958,22,178.155557550631,75.9659376170937,1489063.5254759
959,29,157.118493156562,63.5592436646438,1480145.3134987
960,33,180.453841562376,83.0974501444434,1490171.09670034
961,33,181.726397758901,64.1056699339331,1477616.12593724
962,28,167.559885351872,70.7969190896104,1488684.60363211
963,43,158.459413401246,71.1651937409968,1508726.87578074
964,14,169.334025364585,66.8884523567341,1497348.95323399
965,47,168.955943304355,80.1699772169086,1484742.8047695
966,33,169.832073055254,68.8255446242256,1487080.60241371
967,44,153.71709367752,63.7710761628314,1499834.7207185
968,17,164.720067326396,72.351549883641,1498039.82389723
969,40,182.086380807854,74.4275858071395,1493234.96478965
970,45,170.147943656973,67.319469396879,1487585.16889317
971,28,159.319868423786,67.2297349929095,1496285.99868218
972,17,159.071643085918,69.0038217987781,1492786.94369976
973,31,176.27677511791,66.3051361307672,1482403.06115778
974,48,158.598453969625,66.5768568022756,1478923.55677004
975,35,175.845281783202,76.7662071289753,1495295.13077755
976,33,158.794486934411,71.8359351381696,1495926.80583032
977,40,170.474459985894,64.4782908823477,1480210.22284391
978,26,161.684952491787,72.2684647540415,1496157.08359215
979,32,196.508713905858,65.2860194783549,1488861.39131783
980,37,170.070329479155,74.3877091618162,1497683.91411728
981,35,156.657234875247,63.4146554491176,1490918.28879675
982,25,175.004560449938,67.129005197714,1490060.12061594
983,34,174.21741180116,73.4024670771694,1487212.72926363
984,43,159.842538728271,73.1392932559557,1484189.00296342
985,39,175.526530322412,75.3950106096426,1491264.10839673
986,31,163.916619317485,72.5359694342908,1478635.24691451
987,47,172.12753521885,55.205867439092,1478802.45033478
988,9,163.040785247485,67.888699815183,1484457.44657304
989,33,181.913012259186,79.3593501619508,1486977.54339352
990,31,166.368102763472,65.7601528747167,1485492.55563161
991,46,160.060398664814,78.1239673741957,1491775.99558067
992,43,176.819398823568,71.0798205204204,1497994.75276284
993,42,183.390749569575,74.6657368082435,1503114.34059434
994,41,179.151965865518,72.0117582176681,1485042.91227185
995,38,157.79235939964,68.9791197028004,1495568.88265898
996,44,146.882186757337,69.1060808568573,1494012.73965614
997,31,167.385345264311,64.0863368450348,1494197.61455063
998,45,190.117909977008,70.6206328157518,1487129.22541469
999,30,172.854466331885,78.2960973266488,1481530.39620639
1000,61,166.563796810388,66.6460242529035,1497857.03783443
